filename,product_id,download_url
AntarcticIcebergs_20260820.csv,13408202026,https://usicecenter.gov/File/DownloadArchive?prd=13408202026
AntarcticIcebergs_20260813.csv,13408132026,https://usicecenter.gov/File/DownloadArchive?prd=13408132026
AntarcticIcebergs_20260807.csv,13408072026,https://usicecenter.gov/File/DownloadArchive?prd=13408072026
AntarcticIcebergs_20260730.csv,13407302026,https://usicecenter.gov/File/DownloadArchive?prd=13407302026
AntarcticIcebergs_20260723.csv,13407232026,https://usicecenter.gov/File/DownloadArchive?prd=13407232026
AntarcticIcebergs_20260717.csv,13407172026,https://usicecenter.gov/File/DownloadArchive?prd=13407172026
AntarcticIcebergs_20260710.csv,13407102026,https://usicecenter.gov/File/DownloadArchive?prd=13407102026
AntarcticIcebergs_20260703.csv,13407032026,https://usicecenter.gov/File/DownloadArchive?prd=13407032026
AntarcticIcebergs_20260625.csv,13406252026,https://usicecenter.gov/File/DownloadArchive?prd=13406252026
AntarcticIcebergs_20260618.csv,13406182026,https://usicecenter.gov/File/DownloadArchive?prd=13406182026
AntarcticIcebergs_20260612.csv,13406122026,https://usicecenter.gov/File/DownloadArchive?prd=13406122026
AntarcticIcebergs_20260605.csv,13406052026,https://usicecenter.gov/File/DownloadArchive?prd=13406052026
AntarcticIcebergs_20260529.csv,13405292026,https://usicecenter.gov/File/DownloadArchive?prd=13405292026
AntarcticIcebergs_20260521.csv,13405212026,https://usicecenter.gov/File/DownloadArchive?prd=13405212026
AntarcticIcebergs_20260515.csv,13405152026,https://usicecenter.gov/File/DownloadArchive?prd=13405152026
AntarcticIcebergs_20260508.csv,13405082026,https://usicecenter.gov/File/DownloadArchive?prd=13405082026
AntarcticIcebergs_20260430.csv,13404302026,https://usicecenter.gov/File/DownloadArchive?prd=13404302026
AntarcticIcebergs_20260424.csv,13404242026,https://usicecenter.gov/File/DownloadArchive?prd=13404242026
AntarcticIcebergs_20260417.csv,13404172026,https://usicecenter.gov/File/DownloadArchive?prd=13404172026
AntarcticIcebergs_20260410.csv,13404102026,https://usicecenter.gov/File/DownloadArchive?prd=13404102026
AntarcticIcebergs_20260403.csv,13404032026,https://usicecenter.gov/File/DownloadArchive?prd=13404032026
AntarcticIcebergs_20260326.csv,13403262026,https://usicecenter.gov/File/DownloadArchive?prd=13403262026
AntarcticIcebergs_20260320.csv,13403202026,https://usicecenter.gov/File/DownloadArchive?prd=13403202026
AntarcticIcebergs_20260313.csv,13403132026,https://usicecenter.gov/File/DownloadArchive?prd=13403132026
AntarcticIcebergs_20260306.csv,13403062026,https://usicecenter.gov/File/DownloadArchive?prd=13403062026
AntarcticIcebergs_20260226.csv,13402262026,https://usicecenter.gov/File/DownloadArchive?prd=13402262026
AntarcticIcebergs_20260219.csv,13402192026,https://usicecenter.gov/File/DownloadArchive?prd=13402192026
AntarcticIcebergs_20260213.csv,13402132026,https://usicecenter.gov/File/DownloadArchive?prd=13402132026
AntarcticIcebergs_20260206.csv,13402062026,https://usicecenter.gov/File/DownloadArchive?prd=13402062026
AntarcticIcebergs_20260130.csv,13401302026,https://usicecenter.gov/File/DownloadArchive?prd=13401302026
AntarcticIcebergs_20260123.csv,13401232026,https://usicecenter.gov/File/DownloadArchive?prd=13401232026
AntarcticIcebergs_20260116.csv,13401162026,https://usicecenter.gov/File/DownloadArchive?prd=13401162026
AntarcticIcebergs_20260109.csv,13401092026,https://usicecenter.gov/File/DownloadArchive?prd=13401092026
AntarcticIcebergs_20260102.csv,13401022026,https://usicecenter.gov/File/DownloadArchive?prd=13401022026
AntarcticIcebergs_20251226.csv,13412262025,https://usicecenter.gov/File/DownloadArchive?prd=13412262025
AntarcticIcebergs_20251218.csv,13412182025,https://usicecenter.gov/File/DownloadArchive?prd=13412182025
AntarcticIcebergs_20251212.csv,13412122025,https://usicecenter.gov/File/DownloadArchive?prd=13412122025
AntarcticIcebergs_20251205.csv,13412052025,https://usicecenter.gov/File/DownloadArchive?prd=13412052025
AntarcticIcebergs_20251128.csv,13411282025,https://usicecenter.gov/File/DownloadArchive?prd=13411282025
AntarcticIcebergs_20251121.csv,13411212025,https://usicecenter.gov/File/DownloadArchive?prd=13411212025
AntarcticIcebergs_20251114.csv,13411142025,https://usicecenter.gov/File/DownloadArchive?prd=13411142025
AntarcticIcebergs_20251107.csv,13411072025,https://usicecenter.gov/File/DownloadArchive?prd=13411072025
AntarcticIcebergs_20251031.csv,13410312025,https://usicecenter.gov/File/DownloadArchive?prd=13410312025
AntarcticIcebergs_20251023.csv,13410232025,https://usicecenter.gov/File/DownloadArchive?prd=13410232025
AntarcticIcebergs_20251016.csv,13410162025,https://usicecenter.gov/File/DownloadArchive?prd=13410162025
AntarcticIcebergs_20251009.csv,13410092025,https://usicecenter.gov/File/DownloadArchive?prd=13410092025
AntarcticIcebergs_20250926.csv,13409262025,https://usicecenter.gov/File/DownloadArchive?prd=13409262025
AntarcticIcebergs_20250918.csv,13409182025,https://usicecenter.gov/File/DownloadArchive?prd=13409182025
AntarcticIcebergs_20250911.csv,13409112025,https://usicecenter.gov/File/DownloadArchive?prd=13409112025
AntarcticIcebergs_20250904.csv,13409042025,https://usicecenter.gov/File/DownloadArchive?prd=13409042025
AntarcticIcebergs_20250828.csv,13408282025,https://usicecenter.gov/File/DownloadArchive?prd=13408282025
AntarcticIcebergs_20250821.csv,13408212025,https://usicecenter.gov/File/DownloadArchive?prd=13408212025
AntarcticIcebergs_20250814.csv,13408142025,https://usicecenter.gov/File/DownloadArchive?prd=13408142025
